﻿<?xml version="1.0" encoding="utf-8"?>
<CategorySpecifications>
  <Category_Spec>
    <Category>Mass</Category>
    <Aspen>MASS</Aspen>
    <SI_Unit>kg</SI_Unit>
    <Mass>1</Mass>
    <Time>0</Time>
    <Length>0</Length>
    <ElectricalCurrent>0</ElectricalCurrent>
    <Temperature>0</Temperature>
    <AmountOfSubstance>0</AmountOfSubstance>
    <Luminous>0</Luminous>
    <Currency>0</Currency>
    <Comment>
    </Comment>
  </Category_Spec>
  <Category_Spec>
    <Category>Time</Category>
    <Aspen>TIME</Aspen>
    <SI_Unit>s</SI_Unit>
    <Mass>0</Mass>
    <Time>1</Time>
    <Length>0</Length>
    <ElectricalCurrent>0</ElectricalCurrent>
    <Temperature>0</Temperature>
    <AmountOfSubstance>0</AmountOfSubstance>
    <Luminous>0</Luminous>
    <Currency>0</Currency>
    <Comment>
    </Comment>
  </Category_Spec>
  <Category_Spec>
    <Category>Length</Category>
    <Aspen>LENGTH</Aspen>
    <SI_Unit>m</SI_Unit>
    <Mass>0</Mass>
    <Time>0</Time>
    <Length>1</Length>
    <ElectricalCurrent>0</ElectricalCurrent>
    <Temperature>0</Temperature>
    <AmountOfSubstance>0</AmountOfSubstance>
    <Luminous>0</Luminous>
    <Currency>0</Currency>
    <Comment>
    </Comment>
  </Category_Spec>
  <Category_Spec>
    <Category>ElectricalCurrent</Category>
    <Aspen>CURRENT</Aspen>
    <SI_Unit>A</SI_Unit>
    <Mass>0</Mass>
    <Time>0</Time>
    <Length>0</Length>
    <ElectricalCurrent>1</ElectricalCurrent>
    <Temperature>0</Temperature>
    <AmountOfSubstance>0</AmountOfSubstance>
    <Luminous>0</Luminous>
    <Currency>0</Currency>
    <Comment>
    </Comment>
  </Category_Spec>
  <Category_Spec>
    <Category>Temperature</Category>
    <Aspen>TEMPERATURE</Aspen>
    <SI_Unit>K</SI_Unit>
    <Mass>0</Mass>
    <Time>0</Time>
    <Length>0</Length>
    <ElectricalCurrent>0</ElectricalCurrent>
    <Temperature>1</Temperature>
    <AmountOfSubstance>0</AmountOfSubstance>
    <Luminous>0</Luminous>
    <Currency>0</Currency>
    <Comment>
    </Comment>
  </Category_Spec>
  <Category_Spec>
    <Category>AmountOfSubstance</Category>
    <Aspen>MOLES</Aspen>
    <SI_Unit>mol</SI_Unit>
    <Mass>0</Mass>
    <Time>0</Time>
    <Length>0</Length>
    <ElectricalCurrent>0</ElectricalCurrent>
    <Temperature>0</Temperature>
    <AmountOfSubstance>1</AmountOfSubstance>
    <Luminous>0</Luminous>
    <Currency>0</Currency>
    <Comment>
    </Comment>
  </Category_Spec>
  <Category_Spec>
    <Category>Luminous</Category>
    <Aspen>DIMENSIONLES</Aspen>
    <SI_Unit>cd</SI_Unit>
    <Mass>0</Mass>
    <Time>0</Time>
    <Length>0</Length>
    <ElectricalCurrent>0</ElectricalCurrent>
    <Temperature>0</Temperature>
    <AmountOfSubstance>0</AmountOfSubstance>
    <Luminous>1</Luminous>
    <Currency>0</Currency>
    <Comment>
    </Comment>
  </Category_Spec>
  <Category_Spec>
    <Category>Currency</Category>
    <Aspen>FISCAL</Aspen>
    <SI_Unit>US$</SI_Unit>
    <Mass>0</Mass>
    <Time>0</Time>
    <Length>0</Length>
    <ElectricalCurrent>0</ElectricalCurrent>
    <Temperature>0</Temperature>
    <AmountOfSubstance>0</AmountOfSubstance>
    <Luminous>0</Luminous>
    <Currency>1</Currency>
    <Comment>
    </Comment>
  </Category_Spec>
  <Category_Spec>
    <Category>FlowRate</Category>
    <Aspen>VOLUME-FLOW</Aspen>
    <SI_Unit>m3/s</SI_Unit>
    <Mass>0</Mass>
    <Time>-1</Time>
    <Length>3</Length>
    <ElectricalCurrent>0</ElectricalCurrent>
    <Temperature>0</Temperature>
    <AmountOfSubstance>0</AmountOfSubstance>
    <Luminous>0</Luminous>
    <Currency>0</Currency>
    <Comment>
    </Comment>
  </Category_Spec>
  <Category_Spec>
    <Category>MassFlowRate</Category>
    <Aspen>MASS-FLOW</Aspen>
    <SI_Unit>kg/s</SI_Unit>
    <Mass>1</Mass>
    <Time>-1</Time>
    <Length>0</Length>
    <ElectricalCurrent>0</ElectricalCurrent>
    <Temperature>0</Temperature>
    <AmountOfSubstance>0</AmountOfSubstance>
    <Luminous>0</Luminous>
    <Currency>0</Currency>
    <Comment>
    </Comment>
  </Category_Spec>
  <Category_Spec>
    <Category>MolarFlowRate</Category>
    <Aspen>MOLE-FLOW</Aspen>
    <SI_Unit>mol/s</SI_Unit>
    <Mass>0</Mass>
    <Time>-1</Time>
    <Length>0</Length>
    <ElectricalCurrent>0</ElectricalCurrent>
    <Temperature>0</Temperature>
    <AmountOfSubstance>1</AmountOfSubstance>
    <Luminous>0</Luminous>
    <Currency>0</Currency>
    <Comment>
    </Comment>
  </Category_Spec>
  <Category_Spec>
    <Category>DensityAndMassConcentration</Category>
    <Aspen>DENSITY</Aspen>
    <SI_Unit>kg/m3</SI_Unit>
    <Mass>1</Mass>
    <Time>0</Time>
    <Length>-3</Length>
    <ElectricalCurrent>0</ElectricalCurrent>
    <Temperature>0</Temperature>
    <AmountOfSubstance>0</AmountOfSubstance>
    <Luminous>0</Luminous>
    <Currency>0</Currency>
    <Comment>
    </Comment>
  </Category_Spec>
  <Category_Spec>
    <Category>CurrentDensity</Category>
    <Aspen>DIMENSIONLES</Aspen>
    <SI_Unit>A/m2</SI_Unit>
    <Mass>0</Mass>
    <Time>0</Time>
    <Length>-2</Length>
    <ElectricalCurrent>1</ElectricalCurrent>
    <Temperature>0</Temperature>
    <AmountOfSubstance>0</AmountOfSubstance>
    <Luminous>0</Luminous>
    <Currency>0</Currency>
    <Comment>
    </Comment>
  </Category_Spec>
  <Category_Spec>
    <Category>Area</Category>
    <Aspen>AREA</Aspen>
    <SI_Unit>m2</SI_Unit>
    <Mass>0</Mass>
    <Time>0</Time>
    <Length>2</Length>
    <ElectricalCurrent>0</ElectricalCurrent>
    <Temperature>0</Temperature>
    <AmountOfSubstance>0</AmountOfSubstance>
    <Luminous>0</Luminous>
    <Currency>0</Currency>
    <Comment>
    </Comment>
  </Category_Spec>
  <Category_Spec>
    <Category>Volume</Category>
     <Aspen>VOLUME</Aspen>
   <SI_Unit>m3</SI_Unit>
    <Mass>0</Mass>
    <Time>0</Time>
    <Length>3</Length>
    <ElectricalCurrent>0</ElectricalCurrent>
    <Temperature>0</Temperature>
    <AmountOfSubstance>0</AmountOfSubstance>
    <Luminous>0</Luminous>
    <Currency>0</Currency>
    <Comment>
    </Comment>
  </Category_Spec>
  <Category_Spec>
    <Category>MolarConcentration</Category>
    <Aspen>MOLE-CONC</Aspen>
    <SI_Unit>mol/m3</SI_Unit>
    <Mass>0</Mass>
    <Time>0</Time>
    <Length>-3</Length>
    <ElectricalCurrent>0</ElectricalCurrent>
    <Temperature>0</Temperature>
    <AmountOfSubstance>1</AmountOfSubstance>
    <Luminous>0</Luminous>
    <Currency>0</Currency>
    <Comment>
    </Comment>
  </Category_Spec>
  <Category_Spec>
    <Category>Velocity</Category>
    <Aspen>VELOCITY</Aspen>
    <SI_Unit>m/s</SI_Unit>
    <Mass>0</Mass>
    <Time>-1</Time>
    <Length>1</Length>
    <ElectricalCurrent>0</ElectricalCurrent>
    <Temperature>0</Temperature>
    <AmountOfSubstance>0</AmountOfSubstance>
    <Luminous>0</Luminous>
    <Currency>0</Currency>
    <Comment>
    </Comment>
  </Category_Spec>
  <Category_Spec>
    <Category>Force</Category>
    <Aspen>FORCE</Aspen>
    <SI_Unit>N</SI_Unit>
    <Mass>1</Mass>
    <Time>-2</Time>
    <Length>1</Length>
    <ElectricalCurrent>0</ElectricalCurrent>
    <Temperature>0</Temperature>
    <AmountOfSubstance>0</AmountOfSubstance>
    <Luminous>0</Luminous>
    <Currency>0</Currency>
    <Comment>N=kg.m/s2</Comment>
  </Category_Spec>
  <Category_Spec>
    <Category>Pressure</Category>
    <Aspen>PRESSURE</Aspen>
    <SI_Unit>Pa</SI_Unit>
    <Mass>1</Mass>
    <Time>-2</Time>
    <Length>-1</Length>
    <ElectricalCurrent>0</ElectricalCurrent>
    <Temperature>0</Temperature>
    <AmountOfSubstance>0</AmountOfSubstance>
    <Luminous>0</Luminous>
    <Currency>0</Currency>
    <Comment>Pa=N/m2</Comment>
  </Category_Spec>
  <Category_Spec>
    <Category>kg/m2 </Category>
    <Aspen>DIMENSIONLES</Aspen>
    <SI_Unit>kg/m2 </SI_Unit>
    <Mass>1</Mass>
    <Time>0</Time>
    <Length>-2</Length>
    <ElectricalCurrent>0</ElectricalCurrent>
    <Temperature>0</Temperature>
    <AmountOfSubstance>0</AmountOfSubstance>
    <Luminous>0</Luminous>
    <Currency>0</Currency>
    <Comment>
    </Comment>
  </Category_Spec>
  <Category_Spec>
    <Category>WeightFraction </Category>
    <Aspen>DIMENSIONLES</Aspen>
    <SI_Unit>kg/kg</SI_Unit>
    <Mass>0</Mass>
    <Time>0</Time>
    <Length>0</Length>
    <ElectricalCurrent>0</ElectricalCurrent>
    <Temperature>0</Temperature>
    <AmountOfSubstance>0</AmountOfSubstance>
    <Luminous>0</Luminous>
    <Currency>0</Currency>
    <Comment>
    </Comment>
  </Category_Spec>
  <Category_Spec>
    <Category>Accelerate</Category>
    <Aspen>DIMENSIONLES</Aspen>
    <SI_Unit>m/s2</SI_Unit>
    <Mass>0</Mass>
    <Time>-2</Time>
    <Length>1</Length>
    <ElectricalCurrent>0</ElectricalCurrent>
    <Temperature>0</Temperature>
    <AmountOfSubstance>0</AmountOfSubstance>
    <Luminous>0</Luminous>
    <Currency>0</Currency>
    <Comment>
    </Comment>
  </Category_Spec>
  <Category_Spec>
    <Category>SpecificVolume</Category>
    <Aspen>DIMENSIONLES</Aspen>
    <SI_Unit>m3/kg</SI_Unit>
    <Mass>-1</Mass>
    <Time>0</Time>
    <Length>3</Length>
    <ElectricalCurrent>0</ElectricalCurrent>
    <Temperature>0</Temperature>
    <AmountOfSubstance>0</AmountOfSubstance>
    <Luminous>0</Luminous>
    <Currency>0</Currency>
    <Comment>
    </Comment>
  </Category_Spec>
  <Category_Spec>
    <Category>MolarDensity</Category>
    <Aspen>MOLE-DENSITY</Aspen>
    <SI_Unit>mol/m3 </SI_Unit>
    <Mass>0</Mass>
    <Time>0</Time>
    <Length>-3</Length>
    <ElectricalCurrent>0</ElectricalCurrent>
    <Temperature>0</Temperature>
    <AmountOfSubstance>1</AmountOfSubstance>
    <Luminous>0</Luminous>
    <Currency>0</Currency>
    <Comment>
    </Comment>
  </Category_Spec>
  <Category_Spec>
    <Category>m3/mol</Category>
    <Aspen>DIMENSIONLES</Aspen>
    <SI_Unit>m3/mol </SI_Unit>
    <Mass>0</Mass>
    <Time>0</Time>
    <Length>3</Length>
    <ElectricalCurrent>0</ElectricalCurrent>
    <Temperature>0</Temperature>
    <AmountOfSubstance>-1</AmountOfSubstance>
    <Luminous>0</Luminous>
    <Currency>0</Currency>
    <Comment>
    </Comment>
  </Category_Spec>
  <Category_Spec>
    <Category>m3/K</Category>
    <Aspen>DIMENSIONLES</Aspen>
    <SI_Unit>m3/K</SI_Unit>
    <Mass>0</Mass>
    <Time>0</Time>
    <Length>3</Length>
    <ElectricalCurrent>0</ElectricalCurrent>
    <Temperature>-1</Temperature>
    <AmountOfSubstance>0</AmountOfSubstance>
    <Luminous>0</Luminous>
    <Currency>0</Currency>
    <Comment>
    </Comment>
  </Category_Spec>
  <Category_Spec>
    <Category>m-1 </Category>
    <Aspen>INVERSE-LENG</Aspen>
    <SI_Unit>m-1 </SI_Unit>
    <Mass>0</Mass>
    <Time>0</Time>
    <Length>-1</Length>
    <ElectricalCurrent>0</ElectricalCurrent>
    <Temperature>0</Temperature>
    <AmountOfSubstance>0</AmountOfSubstance>
    <Luminous>0</Luminous>
    <Currency>0</Currency>
    <Comment>
    </Comment>
  </Category_Spec>
  <Category_Spec>
    <Category>kg/mol </Category>
    <Aspen>DIMENSIONLES</Aspen>
    <SI_Unit>kg/mol </SI_Unit>
    <Mass>1</Mass>
    <Time>0</Time>
    <Length>0</Length>
    <ElectricalCurrent>0</ElectricalCurrent>
    <Temperature>0</Temperature>
    <AmountOfSubstance>-1</AmountOfSubstance>
    <Luminous>0</Luminous>
    <Currency>0</Currency>
    <Comment>
    </Comment>
  </Category_Spec>
  <Category_Spec>
    <Category>Voltage</Category>
    <Aspen>VOLTAGE</Aspen>
    <SI_Unit>V</SI_Unit>
    <Mass>1</Mass>
    <Time>1</Time>
    <Length>1</Length>
    <ElectricalCurrent>1</ElectricalCurrent>
    <Temperature>1</Temperature>
    <AmountOfSubstance>1</AmountOfSubstance>
    <Luminous>1</Luminous>
    <Currency>1</Currency>
    <Comment>
    </Comment>
  </Category_Spec>
  <Category_Spec>
    <Category>s-1 </Category>
    <Aspen>INVERSE-TIME</Aspen>
    <SI_Unit>s-1</SI_Unit>
    <Mass>0</Mass>
    <Time>-1</Time>
    <Length>0</Length>
    <ElectricalCurrent>0</ElectricalCurrent>
    <Temperature>0</Temperature>
    <AmountOfSubstance>0</AmountOfSubstance>
    <Luminous>0</Luminous>
    <Currency>0</Currency>
    <Comment>
    </Comment>
  </Category_Spec>
  <Category_Spec>
    <Category>Energy</Category>
    <Aspen>ENERGY</Aspen>
    <SI_Unit>J</SI_Unit>
    <Mass>1</Mass>
    <Time>-2</Time>
    <Length>2</Length>
    <ElectricalCurrent>0</ElectricalCurrent>
    <Temperature>0</Temperature>
    <AmountOfSubstance>0</AmountOfSubstance>
    <Luminous>0</Luminous>
    <Currency>0</Currency>
    <Comment>joule = kg*m2/s2</Comment>
  </Category_Spec>
  <Category_Spec>
    <Category>Power</Category>
    <Aspen>POWER</Aspen>
    <SI_Unit>W</SI_Unit>
    <Mass>1</Mass>
    <Time>-3</Time>
    <Length>2</Length>
    <ElectricalCurrent>0</ElectricalCurrent>
    <Temperature>0</Temperature>
    <AmountOfSubstance>0</AmountOfSubstance>
    <Luminous>0</Luminous>
    <Currency>0</Currency>
    <Comment>watt = J/s = kg*m2/s3</Comment>
  </Category_Spec>
  <Category_Spec>
    <Category>Heat Transfer Coefficient</Category>
    <Aspen>HEAT-TRANS-C</Aspen>
    <SI_Unit>W</SI_Unit>
    <Mass>1</Mass>
    <Time>-3</Time>
    <Length>2</Length>
    <ElectricalCurrent>0</ElectricalCurrent>
    <Temperature>-1</Temperature>
    <AmountOfSubstance>0</AmountOfSubstance>
    <Luminous>0</Luminous>
    <Currency>0</Currency>
    <Comment>watt = J/s = kg*m2/s3</Comment>
  </Category_Spec>
  <Category_Spec>
    <Category>Charge</Category>
    <Aspen>DIMENSIONLES</Aspen>
    <SI_Unit>C</SI_Unit>
    <Mass>0</Mass>
    <Time>1</Time>
    <Length>0</Length>
    <ElectricalCurrent>1</ElectricalCurrent>
    <Temperature>0</Temperature>
    <AmountOfSubstance>0</AmountOfSubstance>
    <Luminous>0</Luminous>
    <Currency>0</Currency>
    <Comment>A*s</Comment>
  </Category_Spec>
  <Category_Spec>
    <Category>MolarFlowRateDensity</Category>
    <Aspen>DIMENSIONLES</Aspen>
    <SI_Unit>mol/(sec1m2)</SI_Unit>
    <Mass>0</Mass>
    <Time>-1</Time>
    <Length>-2</Length>
    <ElectricalCurrent>0</ElectricalCurrent>
    <Temperature>0</Temperature>
    <AmountOfSubstance>1</AmountOfSubstance>
    <Luminous>0</Luminous>
    <Currency>0</Currency>
    <Comment>
    </Comment>
  </Category_Spec>
  <Category_Spec>
    <Category>MolarPlateDensity</Category>
    <Aspen>DIMENSIONLES</Aspen>
    <SI_Unit>mol/m2</SI_Unit>
    <Mass>0</Mass>
    <Time>0</Time>
    <Length>-2</Length>
    <ElectricalCurrent>0</ElectricalCurrent>
    <Temperature>0</Temperature>
    <AmountOfSubstance>1</AmountOfSubstance>
    <Luminous>0</Luminous>
    <Currency>0</Currency>
    <Comment>
    </Comment>
  </Category_Spec>
  <Category_Spec>
    <Category>Dimensionless</Category>
    <Aspen>DIMENSIONLES</Aspen>
    <SI_Unit>0</SI_Unit>
    <Mass>0</Mass>
    <Time>0</Time>
    <Length>0</Length>
    <ElectricalCurrent>0</ElectricalCurrent>
    <Temperature>0</Temperature>
    <AmountOfSubstance>0</AmountOfSubstance>
    <Luminous>0</Luminous>
    <Currency>0</Currency>
    <Comment>
    </Comment>
  </Category_Spec>
</CategorySpecifications>